AnimalID,TotalMilkYield,TotalRecords,AvgMilkYield,Cluster
COW0001,22.2,5,4.4399999999999995,3
COW0002,31.61,5,6.322,0
COW0003,7.99,2,3.995,2
COW0004,10.04,2,5.02,2
COW0005,12.309999999999999,2,6.154999999999999,1
COW0006,8.95,1,8.95,1
COW0007,29.27,4,7.3175,0
COW0008,7.9799999999999995,2,3.9899999999999998,2
COW0009,8.129999999999999,2,4.0649999999999995,2
COW0010,15.72,3,5.24,3
COW0011,27.64,4,6.91,0
COW0012,27.799999999999997,4,6.949999999999999,0
COW0013,5.65,1,5.65,1
COW0014,22.080000000000002,3,7.36,3
COW0015,12.129999999999999,2,6.0649999999999995,1
COW0016,3.38,1,3.38,2
COW0017,16.259999999999998,3,5.419999999999999,3
COW0018,8.49,2,4.245,2
COW0019,28.76,5,5.752000000000001,0
COW0020,4.42,1,4.42,2
COW0021,24.45,6,4.075,0
COW0022,29.15,5,5.83,0
COW0023,26.1,4,6.525,3
COW0024,6.69,1,6.69,1
COW0025,27.47,4,6.8675,0
COW0026,8.65,1,8.65,1
COW0027,15.870000000000001,2,7.9350000000000005,1
COW0028,20.36,4,5.09,3
COW0029,39.19,6,6.531666666666666,0
COW0032,14.65,2,7.325,1
COW0034,20.1,3,6.7,3
COW0035,12.29,3,4.096666666666667,2
COW0036,9.54,3,3.1799999999999997,2
COW0037,13.649999999999999,3,4.55,3
COW0038,17.03,3,5.676666666666667,3
COW0039,26.75,4,6.6875,3
COW0040,26.71,3,8.903333333333334,3
COW0041,29.240000000000002,6,4.873333333333334,0
COW0042,24.16,3,8.053333333333333,3
COW0043,21.84,5,4.368,3
COW0045,8.73,1,8.73,1
COW0047,20.380000000000003,5,4.0760000000000005,3
COW0048,2.25,1,2.25,2
COW0049,27.73,3,9.243333333333334,3
COW0050,4.77,2,2.385,2
COW0051,22.340000000000003,4,5.585000000000001,3
COW0053,2.24,1,2.24,2
COW0054,10.52,2,5.26,2
COW0055,30.52,4,7.63,0
COW0056,1.64,1,1.64,2
COW0057,8.6,1,8.6,1
COW0058,8.26,3,2.7533333333333334,2
COW0059,3.9,2,1.95,2
COW0060,6.44,1,6.44,1
COW0061,13.11,3,4.37,3
COW0062,10.75,2,5.375,1
COW0063,4.97,2,2.485,2
COW0064,8.6,1,8.6,1
COW0065,17.04,2,8.52,1
COW0066,12.129999999999999,2,6.0649999999999995,1
COW0067,14.09,2,7.045,1
COW0068,2.9,2,1.45,2
COW0069,14.9,3,4.966666666666667,3
COW0072,5.82,1,5.82,1
COW0073,26.55,4,6.6375,3
COW0075,34.54,6,5.756666666666667,0
COW0076,3.57,2,1.785,2
COW0077,1.17,1,1.17,2
COW0078,15.45,3,5.1499999999999995,3
COW0079,9.32,3,3.106666666666667,2
COW0080,3.47,1,3.47,2
COW0081,1.4,1,1.4,2
COW0082,17.82,3,5.94,3
COW0083,27.23,4,6.8075,3
COW0084,1.1,1,1.1,2
COW0085,3.79,1,3.79,2
COW0086,9.98,2,4.99,2
COW0087,15.82,4,3.955,3
COW0088,8.25,2,4.125,2
COW0089,8.83,2,4.415,2
COW0090,33.2,5,6.640000000000001,0
COW0091,2.9,1,2.9,2
COW0092,24.939999999999998,5,4.9879999999999995,0
COW0093,16.53,3,5.510000000000001,3
COW0094,1.88,1,1.88,2
COW0095,31.37,4,7.8425,0
COW0096,14.55,3,4.8500000000000005,3
COW0098,17.869999999999997,3,5.956666666666666,3
COW0099,11.35,3,3.783333333333333,2
COW0100,3.43,1,3.43,2
COW0101,6.0,2,3.0,2
COW0102,16.14,3,5.38,3
COW0103,7.79,2,3.895,2
COW0104,20.82,3,6.94,3
COW0105,21.08,3,7.026666666666666,3
COW0106,5.56,2,2.78,2
COW0107,4.55,1,4.55,2
COW0108,15.77,2,7.885,1
COW0109,18.42,3,6.140000000000001,3
COW0111,34.07,4,8.5175,0
COW0112,5.17,1,5.17,2
COW0113,35.19,5,7.037999999999999,0
COW0114,17.689999999999998,3,5.896666666666666,3
COW0115,15.79,2,7.895,1
COW0116,19.98,3,6.66,3
COW0117,14.510000000000002,3,4.836666666666667,3
COW0118,17.95,2,8.975,1
COW0119,7.05,2,3.525,2
COW0120,5.11,1,5.11,2
COW0122,25.28,5,5.056,0
COW0123,6.19,1,6.19,1
COW0124,18.04,5,3.6079999999999997,3
COW0125,14.55,2,7.275,1
COW0126,28.18,5,5.636,0
COW0127,13.709999999999999,2,6.8549999999999995,1
COW0128,18.419999999999998,4,4.6049999999999995,3
COW0129,18.91,3,6.303333333333334,3
COW0130,22.45,4,5.6125,3
COW0131,23.57,4,5.8925,3
COW0132,18.23,3,6.076666666666667,3
COW0133,20.83,3,6.9433333333333325,3
COW0134,7.39,2,3.695,2
COW0135,-0.06,1,-0.06,2
COW0136,6.9,1,6.9,1
COW0137,6.59,2,3.295,2
COW0138,15.59,3,5.196666666666666,3
COW0139,16.47,3,5.489999999999999,3
COW0140,2.05,1,2.05,2
COW0141,23.830000000000002,4,5.9575000000000005,3
COW0142,17.54,3,5.846666666666667,3
COW0143,21.13,5,4.226,3
COW0144,13.33,3,4.443333333333333,3
COW0145,10.01,2,5.005,2
COW0146,15.709999999999999,3,5.236666666666666,3
COW0147,14.14,4,3.535,3
COW0148,13.93,2,6.965,1
COW0149,34.3,6,5.716666666666666,0
COW0150,9.36,1,9.36,1
COW0151,14.7,3,4.8999999999999995,3
COW0152,7.699999999999999,3,2.5666666666666664,2
COW0153,7.21,1,7.21,1
COW0154,21.22,4,5.305,3
COW0155,7.57,2,3.785,2
COW0156,24.29,4,6.0725,3
COW0157,21.630000000000003,2,10.815000000000001,1
COW0158,4.78,1,4.78,2
COW0159,19.55,3,6.516666666666667,3
COW0160,24.66,4,6.165,3
COW0161,18.07,3,6.023333333333333,3
COW0162,27.89,4,6.9725,0
COW0163,11.53,2,5.765,1
COW0164,26.18,4,6.545,3
COW0165,24.62,4,6.155,3
COW0166,14.14,2,7.07,1
COW0167,9.18,2,4.59,2
COW0168,1.14,1,1.14,2
COW0169,6.97,1,6.97,1
COW0170,4.23,3,1.4100000000000001,2
COW0172,15.919999999999998,2,7.959999999999999,1
COW0173,31.009999999999998,5,6.202,0
COW0174,12.23,2,6.115,1
COW0177,33.28,4,8.32,0
COW0179,3.5,1,3.5,2
COW0181,4.76,1,4.76,2
COW0182,4.21,1,4.21,2
COW0183,25.74,5,5.148,0
COW0184,2.0,1,2.0,2
COW0186,6.94,1,6.94,1
COW0187,18.95,3,6.316666666666666,3
COW0188,25.73,6,4.288333333333333,0
COW0190,29.810000000000002,6,4.968333333333334,0
COW0191,10.45,3,3.483333333333333,2
COW0192,17.8,3,5.933333333333334,3
COW0194,33.31,6,5.551666666666667,0
COW0195,2.77,1,2.77,2
COW0196,16.4,3,5.466666666666666,3
COW0198,26.39,5,5.2780000000000005,0
COW0199,8.52,2,4.26,2
COW0200,6.07,1,6.07,1
COW0201,39.52,5,7.904000000000001,0
COW0202,21.96,4,5.49,3
COW0203,18.87,3,6.29,3
COW0205,6.699999999999999,2,3.3499999999999996,2
COW0206,11.370000000000001,2,5.6850000000000005,1
COW0207,3.51,1,3.51,2
COW0208,23.22,4,5.805,3
COW0209,11.01,1,11.01,1
COW0210,17.310000000000002,3,5.7700000000000005,3
COW0211,15.61,2,7.805,1
COW0213,10.55,3,3.516666666666667,2
COW0214,18.15,4,4.5375,3
COW0215,8.55,1,8.55,1
COW0216,29.34,4,7.335,0
COW0217,29.939999999999998,5,5.9879999999999995,0
COW0218,22.119999999999997,3,7.373333333333332,3
COW0219,1.6,1,1.6,2
COW0220,4.109999999999999,2,2.0549999999999997,2
COW0222,9.73,1,9.73,1
COW0223,11.280000000000001,2,5.640000000000001,1
COW0224,9.3,2,4.65,2
COW0225,9.36,2,4.68,2
COW0226,18.04,3,6.013333333333333,3
COW0227,22.89,4,5.7225,3
COW0228,13.14,2,6.57,1
COW0229,2.68,1,2.68,2
COW0230,5.12,1,5.12,2
COW0231,30.31,4,7.5775,0
COW0232,20.529999999999998,3,6.843333333333333,3
COW0233,14.92,3,4.973333333333334,3
COW0234,8.03,1,8.03,1
COW0235,13.21,3,4.403333333333333,3
COW0236,14.489999999999998,3,4.829999999999999,3
COW0237,14.05,2,7.025,1
COW0238,20.509999999999998,3,6.836666666666666,3
COW0239,1.76,1,1.76,2
COW0242,33.85,6,5.641666666666667,0
COW0243,14.33,2,7.165,1
COW0244,7.76,2,3.88,2
COW0245,15.280000000000001,2,7.640000000000001,1
COW0246,26.659999999999997,3,8.886666666666665,3
COW0247,22.37,3,7.456666666666667,3
COW0248,8.96,1,8.96,1
COW0249,7.57,2,3.785,2
COW0250,18.93,3,6.31,3
COW0251,15.0,2,7.5,1
COW0253,16.47,3,5.489999999999999,3
COW0254,23.08,4,5.77,3
COW0256,15.559999999999999,2,7.779999999999999,1
COW0257,3.03,1,3.03,2
COW0258,12.01,2,6.005,1
COW0259,12.15,3,4.05,2
COW0260,8.49,1,8.49,1
COW0261,27.04,4,6.76,3
COW0262,16.38,3,5.46,3
COW0263,13.69,3,4.5633333333333335,3
COW0264,9.54,2,4.77,2
COW0265,16.49,3,5.496666666666666,3
COW0266,8.73,2,4.365,2
COW0267,2.91,1,2.91,2
COW0268,32.31,5,6.462000000000001,0
COW0269,15.690000000000001,2,7.845000000000001,1
COW0270,24.39,5,4.878,0
COW0272,13.92,2,6.96,1
COW0273,31.18,4,7.795,0
COW0274,8.88,1,8.88,1
COW0275,7.62,1,7.62,1
COW0276,9.34,1,9.34,1
COW0277,47.11,6,7.851666666666667,0
COW0278,8.26,2,4.13,2
COW0279,15.83,2,7.915,1
COW0280,9.629999999999999,2,4.8149999999999995,2
COW0281,15.65,2,7.825,1
COW0282,3.75,1,3.75,2
COW0283,16.44,3,5.48,3
COW0284,9.870000000000001,2,4.9350000000000005,2
COW0285,20.98,4,5.245,3
COW0286,20.770000000000003,3,6.923333333333335,3
COW0287,22.75,4,5.6875,3
COW0288,8.25,2,4.125,2
COW0289,22.72,4,5.68,3
COW0291,8.370000000000001,2,4.1850000000000005,2
COW0293,13.5,2,6.75,1
COW0294,3.83,1,3.83,2
COW0295,15.55,2,7.775,1
COW0296,26.25,4,6.5625,3
COW0298,10.8,1,10.8,1
COW0300,9.37,1,9.37,1
COW0301,1.31,1,1.31,2
COW0302,39.65,5,7.93,0
COW0303,16.91,3,5.636666666666667,3
COW0304,4.26,1,4.26,2
COW0305,23.36,5,4.672,3
COW0306,6.37,1,6.37,1
COW0307,19.32,3,6.44,3
COW0308,11.27,2,5.635,1
COW0309,7.4,1,7.4,1
COW0311,20.009999999999998,4,5.0024999999999995,3
COW0312,19.0,2,9.5,1
COW0313,25.84,3,8.613333333333333,3
COW0314,24.41,3,8.136666666666667,3
COW0315,8.44,1,8.44,1
COW0316,10.04,1,10.04,1
COW0317,6.4,1,6.4,1
COW0318,38.56,6,6.426666666666667,0
COW0320,22.25,3,7.416666666666667,3
COW0321,22.56,3,7.52,3
COW0322,11.28,1,11.28,1
COW0324,17.69,3,5.896666666666667,3
COW0325,4.27,1,4.27,2
COW0326,2.99,1,2.99,2
COW0327,15.41,2,7.705,1
COW0328,16.22,3,5.406666666666666,3
COW0329,8.84,3,2.9466666666666668,2
COW0330,17.130000000000003,2,8.565000000000001,1
COW0331,4.48,1,4.48,2
COW0332,17.16,2,8.58,1
COW0334,23.75,4,5.9375,3
COW0335,18.73,3,6.243333333333333,3
COW0336,28.15,5,5.63,0
COW0337,14.56,2,7.28,1
COW0338,27.87,6,4.6450000000000005,0
COW0339,9.629999999999999,2,4.8149999999999995,2
COW0340,10.49,1,10.49,1
COW0341,15.97,4,3.9925,3
COW0342,18.2,4,4.55,3
COW0343,16.11,3,5.37,3
COW0344,8.61,2,4.305,2
COW0345,11.190000000000001,2,5.595000000000001,1
COW0346,13.21,3,4.403333333333333,3
COW0347,6.19,2,3.095,2
COW0348,14.15,3,4.716666666666667,3
COW0349,5.529999999999999,2,2.7649999999999997,2
COW0350,26.560000000000002,4,6.640000000000001,3
COW0351,9.93,1,9.93,1
COW0353,15.79,4,3.9475,3
COW0354,7.25,1,7.25,1
COW0356,23.95,4,5.9875,3
COW0357,5.75,1,5.75,1
COW0358,10.66,2,5.33,2
COW0359,9.22,1,9.22,1
COW0360,24.9,4,6.225,3
COW0361,13.86,2,6.93,1
COW0362,8.14,2,4.07,2
COW0363,23.82,5,4.764,0
COW0364,15.850000000000001,3,5.283333333333334,3
COW0365,25.06,5,5.012,0
COW0366,7.93,2,3.965,2
COW0368,5.05,1,5.05,2
COW0369,3.42,1,3.42,2
COW0370,14.41,2,7.205,1
COW0371,14.23,2,7.115,1
COW0372,3.38,1,3.38,2
COW0373,11.62,2,5.81,1
COW0374,12.07,3,4.023333333333333,2
COW0375,30.909999999999997,4,7.727499999999999,0
COW0376,24.86,3,8.286666666666667,3
COW0377,4.69,1,4.69,2
COW0378,18.54,3,6.18,3
COW0379,10.6,2,5.3,2
COW0380,12.98,2,6.49,1
COW0381,32.980000000000004,4,8.245000000000001,0
COW0382,16.25,2,8.125,1
COW0383,16.77,3,5.59,3
COW0384,14.18,2,7.09,1
COW0385,16.09,2,8.045,1
COW0386,27.01,5,5.402,0
COW0387,21.38,4,5.345,3
COW0388,6.98,1,6.98,1
COW0389,12.93,2,6.465,1
COW0390,11.64,2,5.82,1
COW0391,17.48,3,5.826666666666667,3
COW0392,5.18,1,5.18,2
COW0393,22.06,3,7.353333333333333,3
COW0395,34.38,4,8.595,0
COW0396,11.559999999999999,4,2.8899999999999997,2
COW0397,26.79,6,4.465,0
COW0398,27.65,4,6.9125,0
COW0399,39.69,6,6.614999999999999,0
COW0400,11.39,2,5.695,1
COW0401,21.939999999999998,7,3.134285714285714,0
COW0402,14.4,3,4.8,3
COW0403,4.4,1,4.4,2
COW0404,8.6,3,2.8666666666666667,2
COW0405,10.46,3,3.486666666666667,2
COW0406,20.32,5,4.064,3
COW0407,15.129999999999999,4,3.7824999999999998,3
COW0408,14.39,2,7.195,1
COW0410,8.03,1,8.03,1
COW0412,5.79,1,5.79,1
COW0413,15.690000000000001,2,7.845000000000001,1
COW0414,32.47,5,6.494,0
COW0418,3.09,2,1.545,2
COW0419,16.09,4,4.0225,3
COW0420,22.33,6,3.7216666666666662,0
COW0421,9.44,2,4.72,2
COW0422,9.47,3,3.1566666666666667,2
COW0423,1.16,1,1.16,2
COW0424,2.95,1,2.95,2
COW0425,25.91,4,6.4775,3
COW0426,6.99,1,6.99,1
COW0427,27.98,3,9.326666666666666,3
COW0428,11.780000000000001,2,5.890000000000001,1
COW0429,6.58,1,6.58,1
COW0430,4.04,1,4.04,2
COW0431,9.64,2,4.82,2
COW0432,18.92,4,4.73,3
COW0435,33.2,5,6.640000000000001,0
COW0436,21.439999999999998,2,10.719999999999999,1
COW0438,14.440000000000001,3,4.8133333333333335,3
COW0440,9.35,1,9.35,1
COW0441,13.76,2,6.88,1
COW0442,22.95,5,4.59,3
COW0443,4.5600000000000005,3,1.5200000000000002,2
COW0444,9.28,1,9.28,1
COW0445,30.39,6,5.065,0
COW0446,4.59,1,4.59,2
COW0447,13.76,3,4.586666666666667,3
COW0448,10.15,2,5.075,2
COW0449,16.72,4,4.18,3
COW0450,15.919999999999998,2,7.959999999999999,1
COW0452,-0.38,1,-0.38,2
COW0453,22.369999999999997,4,5.592499999999999,3
COW0454,23.68,4,5.92,3
COW0455,31.55,5,6.3100000000000005,0
COW0456,20.11,4,5.0275,3
COW0457,24.1,4,6.025,3
COW0459,18.490000000000002,3,6.163333333333334,3
COW0460,40.47,6,6.745,0
COW0461,16.060000000000002,2,8.030000000000001,1
COW0463,11.39,2,5.695,1
COW0464,7.75,1,7.75,1
COW0465,13.1,2,6.55,1
COW0466,5.14,1,5.14,2
COW0467,23.51,4,5.8775,3
COW0468,13.03,2,6.515,1
COW0469,1.56,1,1.56,2
COW0470,3.04,2,1.52,2
COW0471,15.0,3,5.0,3
COW0473,12.97,2,6.485,1
COW0474,16.310000000000002,3,5.436666666666667,3
COW0475,8.940000000000001,2,4.470000000000001,2
COW0476,57.17,7,8.167142857142858,0
COW0477,14.48,3,4.826666666666667,3
COW0478,9.35,2,4.675,2
COW0480,8.86,2,4.43,2
COW0481,7.9,2,3.95,2
COW0482,18.79,3,6.263333333333333,3
COW0483,33.45,5,6.69,0
COW0484,3.27,1,3.27,2
COW0485,40.62,6,6.77,0
COW0486,4.38,1,4.38,2
COW0488,16.21,3,5.403333333333333,3
COW0489,14.760000000000002,3,4.920000000000001,3
COW0490,19.4,4,4.85,3
COW0491,7.48,1,7.48,1
COW0492,18.580000000000002,3,6.193333333333334,3
COW0493,9.69,3,3.23,2
COW0494,27.69,4,6.9225,0
COW0495,1.55,1,1.55,2
COW0497,20.77,5,4.154,3
COW0498,1.4,1,1.4,2
COW0499,16.9,3,5.633333333333333,3
COW0500,13.11,4,3.2775,3
COW0501,11.43,2,5.715,1
COW0502,16.6,2,8.3,1
COW0503,15.1,3,5.033333333333333,3
COW0504,21.11,3,7.036666666666666,3
COW0505,12.58,2,6.29,1
COW0506,6.3,1,6.3,1
COW0508,10.6,1,10.6,1
COW0509,17.21,4,4.3025,3
COW0510,19.77,3,6.59,3
COW0511,22.38,5,4.476,3
COW0512,1.61,1,1.61,2
COW0513,18.98,3,6.326666666666667,3
COW0514,13.889999999999999,2,6.944999999999999,1
COW0515,18.05,4,4.5125,3
COW0516,38.96,6,6.493333333333333,0
COW0517,24.490000000000002,4,6.1225000000000005,3
COW0518,13.26,2,6.63,1
COW0519,-0.46,1,-0.46,2
COW0520,22.44,4,5.61,3
COW0521,19.5,5,3.9,3
COW0522,16.1,2,8.05,1
COW0523,11.42,1,11.42,1
COW0524,20.9,3,6.966666666666666,3
COW0525,13.600000000000001,2,6.800000000000001,1
COW0526,28.0,5,5.6,0
COW0527,7.29,2,3.645,2
COW0529,4.81,1,4.81,2
COW0530,6.18,1,6.18,1
COW0531,9.75,1,9.75,1
COW0532,15.069999999999999,3,5.0233333333333325,3
COW0533,11.55,2,5.775,1
COW0534,5.53,2,2.765,2
COW0535,3.82,1,3.82,2
COW0536,7.84,2,3.92,2
COW0537,16.97,3,5.656666666666666,3
COW0538,8.92,1,8.92,1
COW0540,10.17,3,3.39,2
COW0541,9.96,2,4.98,2
COW0542,27.47,4,6.8675,0
COW0543,11.11,2,5.555,1
COW0544,9.52,1,9.52,1
COW0546,27.94,5,5.588,0
COW0547,21.8,3,7.266666666666667,3
COW0548,11.120000000000001,2,5.5600000000000005,1
COW0549,3.86,1,3.86,2
COW0550,20.229999999999997,3,6.743333333333332,3
COW0551,10.49,3,3.4966666666666666,2
COW0552,6.41,1,6.41,1
COW0553,19.67,3,6.5566666666666675,3
COW0554,20.509999999999998,5,4.101999999999999,3
COW0555,2.64,1,2.64,2
COW0557,27.08,4,6.77,3
COW0558,5.05,2,2.525,2
COW0559,17.400000000000002,5,3.4800000000000004,3
COW0560,4.51,2,2.255,2
COW0561,14.32,4,3.58,3
COW0563,29.04,5,5.808,0
COW0564,18.45,3,6.1499999999999995,3
COW0565,7.31,1,7.31,1
COW0566,15.450000000000001,3,5.15,3
COW0567,14.26,2,7.13,1
COW0569,7.05,1,7.05,1
COW0570,28.9,4,7.225,0
COW0571,15.6,2,7.8,1
COW0572,5.14,2,2.57,2
COW0573,8.82,2,4.41,2
COW0574,19.49,3,6.496666666666666,3
COW0575,27.799999999999997,5,5.56,0
COW0576,10.82,2,5.41,1
COW0577,0.91,1,0.91,2
COW0578,35.49,4,8.8725,0
COW0579,13.09,4,3.2725,3
COW0580,3.2,1,3.2,2
COW0581,17.54,4,4.385,3
COW0582,10.5,2,5.25,2
COW0583,5.03,1,5.03,2
COW0584,29.119999999999997,3,9.706666666666665,3
COW0585,4.05,2,2.025,2
COW0586,2.51,1,2.51,2
COW0587,14.219999999999999,2,7.109999999999999,1
COW0588,43.66,7,6.237142857142857,0
COW0589,24.79,4,6.1975,3
COW0590,6.02,2,3.01,2
COW0591,3.75,1,3.75,2
COW0592,9.02,2,4.51,2
COW0593,30.75,4,7.6875,0
COW0594,28.799999999999997,5,5.76,0
COW0595,3.6,1,3.6,2
COW0596,17.04,3,5.68,3
COW0598,21.509999999999998,5,4.302,3
COW0601,13.99,3,4.663333333333333,3
COW0602,16.939999999999998,4,4.234999999999999,3
COW0604,16.42,4,4.105,3
COW0605,24.28,3,8.093333333333334,3
COW0607,7.99,2,3.995,2
COW0608,5.35,1,5.35,2
COW0609,8.879999999999999,2,4.4399999999999995,2
COW0610,22.03,3,7.343333333333334,3
COW0611,12.02,2,6.01,1
COW0612,5.4,2,2.7,2
COW0613,34.120000000000005,6,5.686666666666667,0
COW0614,5.9,2,2.95,2
COW0615,3.86,1,3.86,2
COW0616,3.97,1,3.97,2
COW0617,3.71,1,3.71,2
COW0618,14.54,3,4.846666666666667,3
COW0619,3.75,1,3.75,2
COW0620,25.56,4,6.39,3
COW0621,10.28,1,10.28,1
COW0623,13.280000000000001,2,6.640000000000001,1
COW0624,15.66,4,3.915,3
COW0625,11.84,2,5.92,1
COW0626,9.21,1,9.21,1
COW0627,8.14,2,4.07,2
COW0628,5.21,3,1.7366666666666666,2
COW0629,36.53,5,7.306,0
COW0630,15.21,2,7.605,1
COW0631,4.67,1,4.67,2
COW0632,17.33,2,8.665,1
COW0633,24.439999999999998,3,8.146666666666667,3
COW0634,38.7,5,7.74,0
COW0635,9.85,2,4.925,2
COW0636,3.92,1,3.92,2
COW0637,21.96,3,7.32,3
COW0638,11.52,2,5.76,1
COW0639,23.48,3,7.826666666666667,3
COW0640,17.78,3,5.926666666666667,3
COW0641,13.309999999999999,2,6.654999999999999,1
COW0642,17.27,2,8.635,1
COW0643,3.24,1,3.24,2
COW0644,5.33,1,5.33,2
COW0645,13.01,2,6.505,1
COW0646,32.46,6,5.41,0
COW0647,25.16,3,8.386666666666667,3
COW0648,12.52,3,4.173333333333333,3
COW0649,5.42,2,2.71,2
COW0650,19.1,2,9.55,1
COW0652,5.53,1,5.53,2
COW0653,16.16,2,8.08,1
COW0654,6.09,2,3.045,2
COW0655,5.12,1,5.12,2
COW0656,17.72,2,8.86,1
COW0657,20.240000000000002,3,6.746666666666667,3
COW0658,6.57,1,6.57,1
COW0659,2.28,2,1.14,2
COW0660,8.67,2,4.335,2
COW0661,31.11,6,5.185,0
COW0662,32.61,7,4.658571428571428,0
COW0663,24.81,3,8.27,3
COW0664,29.02,6,4.836666666666667,0
COW0665,16.55,2,8.275,1
COW0666,22.46,4,5.615,3
COW0667,6.49,2,3.245,2
COW0668,4.12,1,4.12,2
COW0669,0.43,1,0.43,2
COW0670,21.95,4,5.4875,3
COW0672,27.830000000000002,7,3.975714285714286,0
COW0673,28.95,3,9.65,3
COW0674,16.39,2,8.195,1
COW0675,9.03,1,9.03,1
COW0676,20.47,4,5.1175,3
COW0677,2.78,1,2.78,2
COW0678,7.03,1,7.03,1
COW0679,8.24,2,4.12,2
COW0680,2.95,1,2.95,2
COW0682,29.14,4,7.285,0
COW0683,17.31,2,8.655,1
COW0684,13.399999999999999,2,6.699999999999999,1
COW0685,28.08,4,7.02,0
COW0686,8.78,3,2.9266666666666663,2
COW0687,28.34,4,7.085,0
COW0688,22.86,4,5.715,3
COW0689,22.47,3,7.489999999999999,3
COW0690,25.39,5,5.078,0
COW0691,6.0600000000000005,2,3.0300000000000002,2
COW0692,2.13,1,2.13,2
COW0693,15.52,3,5.173333333333333,3
COW0695,14.280000000000001,3,4.760000000000001,3
COW0696,11.239999999999998,2,5.619999999999999,1
COW0697,9.26,2,4.63,2
COW0698,19.88,4,4.97,3
COW0699,18.740000000000002,3,6.246666666666667,3
COW0700,38.519999999999996,7,5.502857142857143,0
COW0701,16.27,2,8.135,1
COW0702,8.2,2,4.1,2
COW0703,17.89,4,4.4725,3
COW0704,21.22,6,3.5366666666666666,0
COW0705,17.14,2,8.57,1
COW0707,5.69,1,5.69,1
COW0708,5.95,1,5.95,1
COW0709,27.5,4,6.875,0
COW0710,38.21,5,7.642,0
COW0711,10.05,2,5.025,2
COW0712,9.61,1,9.61,1
COW0713,12.309999999999999,2,6.154999999999999,1
COW0714,35.07,5,7.014,0
COW0715,14.26,4,3.565,3
COW0716,4.36,2,2.18,2
COW0717,7.79,1,7.79,1
COW0718,5.57,1,5.57,2
COW0719,3.57,1,3.57,2
COW0720,22.8,3,7.6000000000000005,3
COW0721,4.83,2,2.415,2
COW0722,4.87,1,4.87,2
COW0723,3.39,1,3.39,2
COW0724,14.96,2,7.48,1
COW0725,25.4,4,6.35,3
COW0726,22.37,5,4.474,3
COW0727,38.480000000000004,6,6.413333333333334,0
COW0728,5.29,1,5.29,2
COW0729,20.91,3,6.97,3
COW0730,17.26,3,5.753333333333334,3
COW0731,10.45,2,5.225,2
COW0732,16.05,3,5.3500000000000005,3
COW0733,1.01,1,1.01,2
COW0734,8.96,1,8.96,1
COW0735,10.4,2,5.2,2
COW0736,13.2,3,4.3999999999999995,3
COW0737,2.24,1,2.24,2
COW0738,16.54,4,4.135,3
COW0739,16.330000000000002,3,5.443333333333334,3
COW0740,14.81,2,7.405,1
COW0741,2.81,1,2.81,2
COW0742,2.78,1,2.78,2
COW0743,11.74,2,5.87,1
COW0744,30.42,5,6.0840000000000005,0
COW0746,6.33,2,3.165,2
COW0748,23.89,4,5.9725,3
COW0749,9.84,3,3.28,2
COW0750,19.05,3,6.3500000000000005,3
COW0751,17.9,3,5.966666666666666,3
COW0752,16.54,3,5.513333333333333,3
COW0753,6.55,2,3.275,2
COW0754,4.26,2,2.13,2
COW0755,10.61,3,3.5366666666666666,2
COW0757,3.7,1,3.7,2
COW0758,4.77,1,4.77,2
COW0759,26.64,6,4.44,0
COW0761,29.07,6,4.845,0
COW0762,20.52,3,6.84,3
COW0763,37.68,6,6.28,0
COW0764,29.57,5,5.914,0
COW0766,1.19,1,1.19,2
COW0767,29.04,4,7.26,0
COW0768,1.93,1,1.93,2
COW0769,14.02,2,7.01,1
COW0770,46.39,6,7.7316666666666665,0
COW0771,13.52,3,4.506666666666667,3
COW0772,10.44,3,3.48,2
COW0773,7.26,1,7.26,1
COW0774,19.71,3,6.57,3
COW0775,10.38,2,5.19,2
COW0776,30.189999999999998,4,7.547499999999999,0
COW0777,18.81,2,9.405,1
COW0778,21.220000000000002,3,7.073333333333334,3
COW0779,25.2,5,5.04,0
COW0780,21.33,3,7.109999999999999,3
COW0781,10.58,4,2.645,2
COW0782,5.93,1,5.93,1
COW0783,6.57,2,3.285,2
COW0784,9.52,2,4.76,2
COW0785,38.5,4,9.625,0
COW0786,9.29,1,9.29,1
COW0787,10.76,3,3.5866666666666664,2
COW0789,14.64,2,7.32,1
COW0790,13.309999999999999,2,6.654999999999999,1
COW0791,8.28,1,8.28,1
COW0792,14.65,4,3.6625,3
COW0793,23.6,3,7.866666666666667,3
COW0794,35.93,5,7.186,0
COW0795,17.69,3,5.896666666666667,3
COW0796,19.630000000000003,2,9.815000000000001,1
COW0797,23.14,4,5.785,3
COW0798,29.29,4,7.3225,0
COW0800,25.87,3,8.623333333333333,3
COW0801,20.939999999999998,4,5.234999999999999,3
COW0802,28.86,4,7.215,0
COW0804,9.9,1,9.9,1
COW0805,32.97,6,5.495,0
COW0806,29.259999999999998,4,7.3149999999999995,0
COW0807,11.7,2,5.85,1
COW0809,12.99,2,6.495,1
COW0812,8.35,1,8.35,1
COW0814,31.07,5,6.214,0
COW0815,25.990000000000002,4,6.4975000000000005,3
COW0816,43.96,6,7.326666666666667,0
COW0817,22.75,4,5.6875,3
COW0819,11.16,2,5.58,1
COW0820,32.7,5,6.540000000000001,0
COW0821,22.72,4,5.68,3
COW0822,30.240000000000002,5,6.048,0
COW0823,26.78,4,6.695,3
COW0824,13.08,2,6.54,1
COW0825,6.32,2,3.16,2
COW0826,8.93,2,4.465,2
COW0827,9.17,2,4.585,2
COW0828,31.76,5,6.352,0
COW0829,8.51,1,8.51,1
COW0831,27.049999999999997,4,6.762499999999999,3
COW0832,8.39,1,8.39,1
COW0833,23.32,4,5.83,3
COW0834,3.53,1,3.53,2
COW0835,5.06,1,5.06,2
COW0836,22.37,4,5.5925,3
COW0837,20.61,6,3.435,0
COW0838,30.93,4,7.7325,0
COW0840,4.859999999999999,2,2.4299999999999997,2
COW0841,15.23,2,7.615,1
COW0842,20.8,3,6.933333333333334,3
COW0843,5.79,1,5.79,1
COW0844,12.040000000000001,2,6.0200000000000005,1
COW0845,15.850000000000001,3,5.283333333333334,3
COW0846,9.27,2,4.635,2
COW0847,13.59,2,6.795,1
COW0848,8.42,2,4.21,2
COW0849,16.67,3,5.5566666666666675,3
COW0850,18.1,2,9.05,1
COW0851,23.94,3,7.98,3
COW0852,9.0,1,9.0,1
COW0853,13.879999999999999,4,3.4699999999999998,3
COW0854,13.89,4,3.4725,3
COW0855,8.5,2,4.25,2
COW0856,27.11,4,6.7775,3
COW0857,3.0,2,1.5,2
COW0859,14.2,4,3.55,3
COW0860,1.91,1,1.91,2
COW0861,13.05,2,6.525,1
COW0862,19.87,3,6.623333333333334,3
COW0864,9.6,3,3.1999999999999997,2
COW0865,7.69,2,3.845,2
COW0866,19.56,4,4.89,3
COW0867,22.41,5,4.482,3
COW0868,4.6,1,4.6,2
COW0869,7.9,2,3.95,2
COW0871,19.38,3,6.46,3
COW0872,16.87,3,5.623333333333334,3
COW0873,14.16,3,4.72,3
COW0874,11.33,2,5.665,1
COW0875,7.67,1,7.67,1
COW0876,12.780000000000001,3,4.260000000000001,3
COW0877,19.87,4,4.9675,3
COW0878,4.43,1,4.43,2
COW0879,20.63,3,6.876666666666666,3
COW0881,52.22,8,6.5275,0
COW0883,22.330000000000002,5,4.466,3
COW0884,17.28,4,4.32,3
COW0885,18.59,2,9.295,1
COW0886,20.400000000000002,3,6.800000000000001,3
COW0887,25.97,3,8.656666666666666,3
COW0888,12.68,3,4.226666666666667,3
COW0889,7.16,1,7.16,1
COW0891,29.3,4,7.325,0
COW0892,19.11,4,4.7775,3
COW0893,9.01,2,4.505,2
COW0894,2.55,1,2.55,2
COW0895,9.76,3,3.2533333333333334,2
COW0896,13.73,3,4.576666666666667,3
COW0897,11.9,2,5.95,1
COW0898,10.83,2,5.415,1
COW0899,27.45,5,5.49,0
COW0900,32.49,5,6.498,0
COW0901,8.3,1,8.3,1
COW0902,8.56,2,4.28,2
COW0903,27.23,4,6.8075,3
COW0905,12.780000000000001,2,6.390000000000001,1
COW0906,13.73,3,4.576666666666667,3
COW0907,12.8,2,6.4,1
COW0909,31.53,4,7.8825,0
COW0910,16.97,3,5.656666666666666,3
COW0911,15.48,4,3.87,3
COW0912,11.41,2,5.705,1
COW0913,4.94,1,4.94,2
COW0914,21.82,4,5.455,3
COW0915,7.63,3,2.5433333333333334,2
COW0916,13.440000000000001,2,6.720000000000001,1
COW0917,10.45,3,3.483333333333333,2
COW0918,19.46,3,6.486666666666667,3
COW0919,18.12,4,4.53,3
COW0920,16.84,2,8.42,1
COW0921,47.879999999999995,7,6.839999999999999,0
COW0922,5.66,2,2.83,2
COW0923,17.52,2,8.76,1
COW0924,11.02,2,5.51,1
COW0925,9.66,2,4.83,2
COW0926,9.219999999999999,3,3.073333333333333,2
COW0927,4.28,1,4.28,2
COW0928,9.9,2,4.95,2
COW0929,29.37,4,7.3425,0
COW0930,12.67,3,4.223333333333334,3
COW0931,10.040000000000001,3,3.346666666666667,2
COW0932,11.91,2,5.955,1
COW0933,7.42,1,7.42,1
COW0934,21.39,5,4.2780000000000005,3
COW0935,13.64,2,6.82,1
COW0936,41.83,9,4.647777777777778,0
COW0937,16.94,3,5.646666666666667,3
COW0939,17.54,3,5.846666666666667,3
COW0940,19.83,3,6.609999999999999,3
COW0941,5.98,2,2.99,2
COW0942,20.84,4,5.21,3
COW0943,28.380000000000003,5,5.676,0
COW0944,17.15,3,5.716666666666666,3
COW0945,1.05,1,1.05,2
COW0946,15.1,2,7.55,1
COW0947,28.54,6,4.756666666666667,0
COW0948,23.01,4,5.7525,3
COW0949,14.2,2,7.1,1
COW0951,12.51,2,6.255,1
COW0952,26.06,4,6.515,3
COW0953,2.0,1,2.0,2
COW0954,12.33,2,6.165,1
COW0955,24.34,4,6.085,3
COW0956,41.16,6,6.859999999999999,0
COW0957,36.97,6,6.161666666666666,0
COW0958,20.759999999999998,6,3.4599999999999995,0
COW0959,24.12,3,8.040000000000001,3
COW0960,18.869999999999997,3,6.289999999999999,3
COW0961,2.65,1,2.65,2
COW0962,20.310000000000002,3,6.7700000000000005,3
COW0963,6.89,1,6.89,1
COW0964,16.52,3,5.506666666666667,3
COW0966,13.94,2,6.97,1
COW0967,8.08,1,8.08,1
COW0968,19.03,3,6.343333333333334,3
COW0969,34.27,4,8.5675,0
COW0970,2.24,1,2.24,2
COW0971,18.82,4,4.705,3
COW0972,21.44,3,7.146666666666667,3
COW0973,22.63,4,5.6575,3
COW0974,17.380000000000003,3,5.793333333333334,3
COW0975,7.470000000000001,2,3.7350000000000003,2
COW0976,10.58,2,5.29,2
COW0977,3.86,2,1.93,2
COW0978,10.79,3,3.5966666666666662,2
COW0980,7.39,2,3.695,2
COW0981,22.4,4,5.6,3
COW0982,23.11,4,5.7775,3
COW0983,21.3,3,7.1000000000000005,3
COW0984,14.43,5,2.886,3
COW0985,25.14,4,6.285,3
COW0986,8.36,3,2.7866666666666666,2
COW0987,4.51,1,4.51,2
COW0988,26.94,5,5.388,0
COW0989,17.17,3,5.723333333333334,3
COW0990,29.4,5,5.88,0
COW0992,13.45,2,6.725,1
COW0993,21.34,5,4.268,3
COW0994,20.299999999999997,3,6.766666666666666,3
COW0995,22.88,3,7.626666666666666,3
COW0996,14.52,2,7.26,1
COW0997,22.380000000000003,3,7.460000000000001,3
COW0998,12.39,3,4.13,2
COW0999,21.84,3,7.28,3
COW1001,17.38,3,5.793333333333333,3
COW1003,12.31,2,6.155,1
COW1004,18.64,3,6.213333333333334,3
COW1005,18.060000000000002,3,6.0200000000000005,3
COW1006,1.41,1,1.41,2
COW1007,14.2,3,4.733333333333333,3
COW1008,21.93,4,5.4825,3
COW1009,23.8,5,4.76,0
COW1010,12.700000000000001,3,4.233333333333333,3
COW1011,7.74,1,7.74,1
COW1012,15.69,3,5.2299999999999995,3
COW1013,28.07,5,5.614,0
COW1014,25.98,5,5.196,0
COW1015,35.0,6,5.833333333333333,0
COW1016,11.649999999999999,2,5.824999999999999,1
COW1017,24.6,5,4.92,0
COW1018,12.899999999999999,2,6.449999999999999,1
COW1020,24.39,4,6.0975,3
COW1021,19.59,3,6.53,3
COW1022,23.32,4,5.83,3
COW1023,8.82,2,4.41,2
COW1024,3.35,1,3.35,2
COW1025,17.4,4,4.35,3
COW1026,7.22,1,7.22,1
COW1027,17.81,2,8.905,1
COW1029,19.57,3,6.523333333333333,3
COW1031,12.690000000000001,3,4.23,3
COW1032,28.05,5,5.61,0
COW1033,5.63,1,5.63,1
COW1034,21.380000000000003,3,7.126666666666668,3
COW1036,34.83,6,5.805,0
COW1037,19.840000000000003,3,6.613333333333334,3
COW1038,3.86,1,3.86,2
COW1039,17.29,3,5.763333333333333,3
COW1040,21.88,4,5.47,3
COW1041,23.79,5,4.758,0
COW1043,13.120000000000001,2,6.5600000000000005,1
COW1044,33.0,6,5.5,0
COW1045,1.67,1,1.67,2
COW1046,13.030000000000001,2,6.515000000000001,1
COW1047,16.380000000000003,2,8.190000000000001,1
COW1049,11.27,2,5.635,1
COW1050,22.48,4,5.62,3
COW1051,0.2,1,0.2,2
COW1052,12.559999999999999,2,6.279999999999999,1
COW1053,7.59,1,7.59,1
COW1054,14.34,2,7.17,1
COW1055,13.1,2,6.55,1
COW1057,15.010000000000002,3,5.003333333333334,3
COW1059,21.57,4,5.3925,3
COW1060,4.25,1,4.25,2
COW1061,9.95,2,4.975,2
COW1063,40.43,8,5.05375,0
COW1064,21.66,3,7.22,3
COW1065,12.15,3,4.05,2
COW1066,12.08,2,6.04,1
COW1067,6.47,1,6.47,1
COW1068,7.9399999999999995,3,2.6466666666666665,2
COW1070,29.73,4,7.4325,0
COW1071,11.38,4,2.845,2
COW1072,11.84,2,5.92,1
COW1073,17.05,3,5.683333333333334,3
COW1075,6.37,2,3.185,2
COW1077,37.64,5,7.5280000000000005,0
COW1078,21.990000000000002,3,7.330000000000001,3
COW1079,8.63,1,8.63,1
COW1080,13.09,2,6.545,1
COW1081,4.66,2,2.33,2
COW1082,11.309999999999999,3,3.7699999999999996,2
COW1083,11.21,3,3.736666666666667,2
COW1084,25.11,3,8.37,3
COW1086,8.05,2,4.025,2
COW1087,16.56,5,3.312,3
COW1088,4.3,1,4.3,2
COW1089,18.98,4,4.745,3
COW1090,21.75,4,5.4375,3
COW1091,6.05,1,6.05,1
COW1092,5.88,1,5.88,1
COW1093,19.15,4,4.7875,3
COW1094,17.5,4,4.375,3
COW1096,15.28,3,5.093333333333333,3
COW1097,13.950000000000001,3,4.65,3
COW1098,4.46,2,2.23,2
COW1099,20.82,5,4.164,3
COW1100,26.08,3,8.693333333333333,3
COW1101,3.31,1,3.31,2
COW1102,17.330000000000002,3,5.776666666666667,3
COW1103,4.25,1,4.25,2
COW1104,3.98,1,3.98,2
COW1105,24.99,4,6.2475,3
COW1106,3.43,1,3.43,2
COW1108,60.57,9,6.73,0
COW1109,13.379999999999999,2,6.6899999999999995,1
COW1110,14.98,5,2.996,3
COW1111,11.1,2,5.55,1
COW1112,6.640000000000001,2,3.3200000000000003,2
COW1113,18.82,3,6.273333333333333,3
COW1115,1.72,1,1.72,2
COW1116,10.57,1,10.57,1
COW1119,9.01,1,9.01,1
COW1120,6.9,1,6.9,1
COW1121,14.78,3,4.926666666666667,3
COW1122,1.67,1,1.67,2
COW1123,42.92,9,4.768888888888889,0
COW1124,10.37,2,5.185,2
COW1125,11.99,2,5.995,1
COW1126,26.740000000000002,4,6.6850000000000005,3
COW1127,22.82,3,7.6066666666666665,3
COW1128,37.47,5,7.494,0
COW1130,24.45,4,6.1125,3
COW1131,26.94,4,6.735,3
COW1132,17.939999999999998,3,5.9799999999999995,3
COW1133,21.32,5,4.264,3
COW1134,7.63,1,7.63,1
COW1135,9.89,2,4.945,2
COW1136,7.390000000000001,2,3.6950000000000003,2
COW1137,41.72,7,5.96,0
COW1138,14.29,2,7.145,1
COW1139,11.41,2,5.705,1
COW1140,2.48,1,2.48,2
COW1141,38.67,6,6.445,0
COW1142,33.32,7,4.76,0
COW1143,24.689999999999998,4,6.172499999999999,3
COW1144,36.41,6,6.0683333333333325,0
COW1145,16.1,2,8.05,1
COW1146,5.75,1,5.75,1
COW1147,5.15,1,5.15,2
COW1148,21.07,3,7.023333333333333,3
COW1149,1.73,1,1.73,2
COW1150,2.3,1,2.3,2
COW1151,35.7,5,7.140000000000001,0
COW1152,12.65,2,6.325,1
COW1153,14.040000000000001,3,4.680000000000001,3
COW1154,33.019999999999996,5,6.603999999999999,0
COW1155,22.759999999999998,4,5.6899999999999995,3
COW1156,14.23,2,7.115,1
COW1157,14.079999999999998,3,4.6933333333333325,3
COW1158,1.89,1,1.89,2
COW1159,7.52,1,7.52,1
COW1160,4.09,1,4.09,2
COW1161,21.119999999999997,3,7.039999999999999,3
COW1163,0.25,1,0.25,2
COW1164,13.79,2,6.895,1
COW1165,11.23,2,5.615,1
COW1166,1.6,1,1.6,2
COW1167,9.16,2,4.58,2
COW1168,13.67,4,3.4175,3
COW1169,30.76,5,6.152,0
COW1170,19.16,3,6.386666666666667,3
COW1171,17.35,3,5.783333333333334,3
COW1172,24.4,4,6.1,3
COW1173,5.23,1,5.23,2
COW1175,5.17,1,5.17,2
COW1176,4.02,1,4.02,2
COW1177,34.45,4,8.6125,0
COW1178,24.25,4,6.0625,3
COW1179,3.18,1,3.18,2
COW1180,17.85,3,5.95,3
COW1181,18.21,3,6.07,3
COW1182,10.25,2,5.125,2
COW1183,6.68,3,2.2266666666666666,2
COW1184,18.2,3,6.066666666666666,3
COW1185,26.03,7,3.718571428571429,0
COW1186,23.47,3,7.823333333333333,3
COW1187,38.22,5,7.644,0
COW1189,17.84,3,5.946666666666666,3
COW1190,2.22,1,2.22,2
COW1191,15.9,3,5.3,3
COW1192,33.72,5,6.744,0
COW1194,10.66,2,5.33,2
COW1195,7.66,2,3.83,2
COW1196,33.19,5,6.638,0
COW1197,16.62,2,8.31,1
COW1198,9.2,1,9.2,1
COW1199,13.09,2,6.545,1
COW1200,18.92,3,6.3066666666666675,3
COW1202,40.9,5,8.18,0
COW1203,12.98,2,6.49,1
COW1204,17.19,3,5.73,3
COW1206,31.14,5,6.228,0
COW1207,13.760000000000002,3,4.586666666666667,3
COW1208,11.41,3,3.8033333333333332,2
COW1209,8.24,1,8.24,1
COW1210,11.040000000000001,2,5.5200000000000005,1
COW1212,14.6,3,4.866666666666666,3
COW1213,8.29,1,8.29,1
COW1214,22.009999999999998,3,7.336666666666666,3
COW1215,11.0,2,5.5,1
COW1216,21.47,3,7.156666666666666,3
COW1217,17.15,2,8.575,1
COW1218,3.01,1,3.01,2
COW1219,34.65,4,8.6625,0
COW1220,28.439999999999998,5,5.688,0
COW1224,18.240000000000002,2,9.120000000000001,1
COW1225,27.59,4,6.8975,0
COW1226,4.859999999999999,2,2.4299999999999997,2
COW1227,10.809999999999999,2,5.404999999999999,1
COW1228,27.509999999999998,4,6.8774999999999995,0
COW1230,15.670000000000002,2,7.835000000000001,1
COW1231,14.36,3,4.786666666666666,3
COW1233,8.86,2,4.43,2
COW1234,12.440000000000001,3,4.146666666666667,2
COW1235,12.07,2,6.035,1
COW1236,2.7,1,2.7,2
COW1237,19.92,3,6.640000000000001,3
COW1238,5.91,1,5.91,1
COW1239,5.55,2,2.775,2
COW1240,20.88,4,5.22,3
COW1241,12.35,2,6.175,1
COW1242,12.45,4,3.1125,3
COW1244,48.379999999999995,8,6.047499999999999,0
COW1245,14.290000000000001,3,4.763333333333334,3
COW1246,23.409999999999997,3,7.803333333333332,3
COW1247,46.099999999999994,7,6.5857142857142845,0
COW1248,8.64,3,2.8800000000000003,2
COW1249,17.61,4,4.4025,3
COW1250,25.71,5,5.142,0
COW1251,31.9,5,6.38,0
COW1252,25.58,3,8.526666666666666,3
COW1253,39.76,7,5.68,0
COW1254,15.37,2,7.685,1
COW1255,20.93,4,5.2325,3
COW1257,32.11,7,4.587142857142857,0
COW1258,12.05,2,6.025,1
COW1259,0.92,1,0.92,2
COW1260,2.25,1,2.25,2
COW1261,7.449999999999999,2,3.7249999999999996,2
COW1263,19.349999999999998,4,4.8374999999999995,3
COW1264,6.32,1,6.32,1
COW1265,12.49,2,6.245,1
COW1266,10.530000000000001,2,5.265000000000001,2
COW1267,15.11,3,5.036666666666666,3
COW1268,8.48,2,4.24,2
COW1270,8.75,1,8.75,1
COW1272,2.86,1,2.86,2
COW1274,10.12,2,5.06,2
COW1275,19.79,5,3.9579999999999997,3
COW1276,18.38,2,9.19,1
COW1277,33.32,5,6.664,0
COW1278,27.89,5,5.578,0
COW1279,6.11,1,6.11,1
COW1280,11.870000000000001,2,5.9350000000000005,1
COW1281,15.95,3,5.316666666666666,3
COW1282,7.14,1,7.14,1
COW1283,23.3,3,7.766666666666667,3
COW1284,19.37,5,3.874,3
COW1285,18.77,4,4.6925,3
COW1286,11.969999999999999,2,5.984999999999999,1
COW1287,4.62,1,4.62,2
COW1288,26.52,4,6.63,3
COW1289,9.49,1,9.49,1
COW1290,8.73,1,8.73,1
COW1291,10.790000000000001,2,5.3950000000000005,1
COW1292,34.47,6,5.745,0
COW1294,2.28,1,2.28,2
COW1295,23.939999999999998,4,5.984999999999999,3
COW1296,6.45,1,6.45,1
COW1297,19.41,4,4.8525,3
COW1298,23.18,3,7.726666666666667,3
COW1299,4.36,1,4.36,2
COW1300,15.84,2,7.92,1
COW1301,29.18,5,5.836,0
COW1302,8.04,2,4.02,2
COW1303,13.53,3,4.51,3
COW1304,17.759999999999998,3,5.919999999999999,3
COW1305,8.35,2,4.175,2
COW1306,10.379999999999999,2,5.1899999999999995,2
COW1307,17.09,3,5.696666666666666,3
COW1308,14.620000000000001,3,4.873333333333334,3
COW1309,16.32,3,5.44,3
COW1310,5.39,1,5.39,2
COW1311,13.27,2,6.635,1
COW1312,33.230000000000004,6,5.538333333333334,0
COW1313,21.86,6,3.643333333333333,0
COW1314,12.780000000000001,2,6.390000000000001,1
COW1315,12.100000000000001,2,6.050000000000001,1
COW1316,14.719999999999999,3,4.906666666666666,3
COW1317,23.93,3,7.976666666666667,3
COW1318,15.07,3,5.023333333333333,3
COW1319,16.53,2,8.265,1
COW1320,19.25,3,6.416666666666667,3
COW1321,13.64,2,6.82,1
COW1322,11.76,2,5.88,1
COW1324,8.85,2,4.425,2
COW1325,32.3,6,5.383333333333333,0
COW1326,37.71,5,7.542,0
COW1327,25.36,5,5.072,0
COW1328,12.55,4,3.1375,3
COW1329,16.31,3,5.4366666666666665,3
COW1330,13.94,3,4.6466666666666665,3
COW1332,4.65,1,4.65,2
COW1333,18.810000000000002,3,6.2700000000000005,3
COW1334,25.47,3,8.49,3
COW1335,6.71,1,6.71,1
COW1336,10.16,2,5.08,2
COW1337,14.7,3,4.8999999999999995,3
COW1338,21.12,4,5.28,3
COW1340,15.65,3,5.216666666666667,3
COW1342,24.18,4,6.045,3
COW1343,7.74,3,2.58,2
COW1344,35.6,5,7.12,0
COW1346,5.55,1,5.55,2
COW1347,31.28,5,6.256,0
COW1348,27.46,5,5.492,0
COW1349,7.73,2,3.865,2
COW1350,20.73,3,6.91,3
COW1351,13.47,3,4.49,3
COW1353,9.129999999999999,2,4.5649999999999995,2
COW1354,18.189999999999998,3,6.063333333333333,3
COW1355,3.93,2,1.965,2
COW1356,26.71,3,8.903333333333334,3
COW1357,10.18,1,10.18,1
COW1358,4.67,1,4.67,2
COW1359,5.58,2,2.79,2
COW1360,2.2,1,2.2,2
COW1361,9.5,1,9.5,1
COW1364,4.33,2,2.165,2
COW1365,-1.11,1,-1.11,2
COW1366,24.21,4,6.0525,3
COW1367,1.99,1,1.99,2
COW1368,37.15,7,5.307142857142857,0
COW1369,7.46,3,2.486666666666667,2
COW1370,25.369999999999997,4,6.342499999999999,3
COW1372,15.93,3,5.31,3
COW1373,46.849999999999994,7,6.692857142857142,0
COW1374,14.34,4,3.585,3
COW1375,4.55,1,4.55,2
COW1376,21.689999999999998,3,7.2299999999999995,3
COW1377,9.870000000000001,2,4.9350000000000005,2
COW1378,21.27,4,5.3175,3
COW1379,9.51,1,9.51,1
COW1380,4.04,2,2.02,2
COW1381,10.45,2,5.225,2
COW1382,15.57,3,5.19,3
COW1383,35.8,5,7.159999999999999,0
COW1384,8.29,2,4.145,2
COW1385,30.39,4,7.5975,0
COW1386,4.03,1,4.03,2
COW1387,11.75,2,5.875,1
COW1388,26.06,5,5.212,0
COW1389,15.049999999999999,3,5.016666666666667,3
COW1390,12.82,2,6.41,1
COW1391,20.11,4,5.0275,3
COW1393,15.57,3,5.19,3
COW1394,13.690000000000001,2,6.845000000000001,1
COW1395,24.13,3,8.043333333333333,3
COW1396,2.56,1,2.56,2
COW1397,25.16,3,8.386666666666667,3
COW1398,11.07,3,3.69,2
COW1399,10.33,2,5.165,2
COW1400,12.969999999999999,4,3.2424999999999997,3
COW1401,34.93,5,6.986,0
COW1402,16.560000000000002,3,5.5200000000000005,3
COW1403,8.55,2,4.275,2
COW1404,32.06,6,5.343333333333334,0
COW1405,14.57,4,3.6425,3
COW1406,22.18,4,5.545,3
COW1408,9.38,2,4.69,2
COW1409,21.45,4,5.3625,3
COW1410,26.09,4,6.5225,3
COW1411,12.12,2,6.06,1
COW1412,11.379999999999999,2,5.6899999999999995,1
COW1414,6.83,2,3.415,2
COW1415,9.77,2,4.885,2
COW1416,24.72,5,4.944,0
COW1417,17.380000000000003,4,4.345000000000001,3
COW1418,14.55,3,4.8500000000000005,3
COW1419,18.78,3,6.260000000000001,3
COW1421,4.67,2,2.335,2
COW1423,8.77,1,8.77,1
COW1424,12.850000000000001,3,4.283333333333334,3
COW1425,19.68,3,6.56,3
COW1426,9.17,2,4.585,2
COW1427,18.87,2,9.435,1
COW1429,24.41,4,6.1025,3
COW1430,5.01,1,5.01,2
COW1431,24.15,4,6.0375,3
COW1432,15.97,3,5.323333333333333,3
COW1433,4.45,1,4.45,2
COW1434,6.67,2,3.335,2
COW1435,26.450000000000003,3,8.816666666666668,3
COW1436,10.26,1,10.26,1
COW1438,15.549999999999999,2,7.7749999999999995,1
COW1439,22.9,3,7.633333333333333,3
COW1440,32.519999999999996,5,6.504,0
COW1441,24.63,4,6.1575,3
COW1442,10.96,3,3.6533333333333338,2
COW1443,14.34,3,4.78,3
COW1444,19.85,3,6.616666666666667,3
COW1446,30.72,4,7.68,0
COW1447,6.89,1,6.89,1
COW1448,14.04,4,3.51,3
COW1449,3.82,1,3.82,2
COW1450,15.08,4,3.77,3
COW1451,18.61,3,6.203333333333333,3
COW1452,11.06,2,5.53,1
COW1453,17.72,3,5.906666666666666,3
COW1454,7.98,2,3.99,2
COW1455,14.11,2,7.055,1
COW1456,15.64,2,7.82,1
COW1458,9.38,2,4.69,2
COW1459,27.310000000000002,5,5.462000000000001,0
COW1460,25.880000000000003,5,5.176,0
COW1461,28.68,5,5.736,0
COW1462,2.38,1,2.38,2
COW1463,10.83,2,5.415,1
COW1464,27.1,4,6.775,3
COW1465,21.810000000000002,4,5.452500000000001,3
COW1466,7.31,1,7.31,1
COW1467,13.53,3,4.51,3
COW1468,3.63,1,3.63,2
COW1469,5.49,1,5.49,2
COW1470,9.48,2,4.74,2
COW1471,2.47,1,2.47,2
COW1472,3.25,1,3.25,2
COW1473,7.19,2,3.595,2
COW1474,35.910000000000004,5,7.182,0
COW1475,6.76,2,3.38,2
COW1476,3.3,1,3.3,2
COW1477,12.77,2,6.385,1
COW1478,16.439999999999998,2,8.219999999999999,1
COW1479,24.28,4,6.07,3
COW1480,1.89,1,1.89,2
COW1482,15.79,2,7.895,1
COW1483,19.9,4,4.975,3
COW1484,4.64,1,4.64,2
COW1485,12.11,2,6.055,1
COW1486,32.0,4,8.0,0
COW1487,13.99,4,3.4975,3
COW1489,4.8,1,4.8,2
COW1490,31.87,4,7.9675,0
COW1491,18.95,3,6.316666666666666,3
COW1493,21.849999999999998,4,5.4624999999999995,3
COW1494,0.99,1,0.99,2
COW1495,9.01,2,4.505,2
COW1496,21.57,3,7.19,3
COW1497,19.27,3,6.423333333333333,3
COW1498,14.379999999999999,2,7.1899999999999995,1
COW1499,8.05,2,4.025,2
COW1500,23.52,4,5.88,3
COW1501,32.550000000000004,6,5.425000000000001,0
COW1502,3.66,1,3.66,2
COW1503,0.87,1,0.87,2
COW1505,15.559999999999999,2,7.779999999999999,1
COW1506,17.12,2,8.56,1
COW1507,9.23,2,4.615,2
COW1508,5.31,1,5.31,2
COW1509,18.05,3,6.016666666666667,3
COW1510,15.45,2,7.725,1
COW1511,5.89,1,5.89,1
COW1512,13.200000000000001,2,6.6000000000000005,1
COW1513,16.34,2,8.17,1
COW1514,18.13,3,6.043333333333333,3
COW1515,15.9,3,5.3,3
COW1516,12.0,2,6.0,1
COW1517,16.619999999999997,2,8.309999999999999,1
COW1518,23.94,4,5.985,3
COW1519,8.05,2,4.025,2
COW1520,2.81,1,2.81,2
COW1521,27.73,5,5.546,0
COW1522,9.52,2,4.76,2
COW1523,9.15,2,4.575,2
COW1524,32.29,5,6.458,0
COW1525,11.32,3,3.7733333333333334,2
COW1526,9.42,1,9.42,1
COW1527,7.59,1,7.59,1
COW1528,8.62,1,8.62,1
COW1529,29.54,4,7.385,0
COW1530,35.91,6,5.984999999999999,0
COW1531,16.34,3,5.446666666666666,3
COW1532,23.15,4,5.7875,3
COW1534,9.54,1,9.54,1
COW1535,7.1,3,2.3666666666666667,2
COW1536,12.88,3,4.293333333333334,3
COW1537,12.51,2,6.255,1
COW1538,12.15,2,6.075,1
COW1539,2.44,1,2.44,2
COW1540,12.940000000000001,2,6.470000000000001,1
COW1541,31.740000000000002,6,5.29,0
COW1542,9.91,1,9.91,1
COW1543,15.030000000000001,3,5.010000000000001,3
COW1544,20.45,3,6.816666666666666,3
COW1545,2.54,1,2.54,2
COW1546,8.26,1,8.26,1
COW1547,18.840000000000003,2,9.420000000000002,1
COW1548,31.17,5,6.234,0
COW1549,23.92,3,7.973333333333334,3
COW1550,31.84,5,6.368,0
COW1551,16.77,2,8.385,1
COW1552,5.03,1,5.03,2
COW1553,14.57,3,4.8566666666666665,3
COW1554,9.09,1,9.09,1
COW1555,4.96,2,2.48,2
COW1556,14.06,3,4.6866666666666665,3
COW1557,11.579999999999998,3,3.8599999999999994,2
COW1559,2.65,1,2.65,2
COW1560,5.88,1,5.88,1
COW1561,28.740000000000002,5,5.748,0
COW1562,23.62,3,7.873333333333334,3
COW1563,28.25,4,7.0625,0
COW1564,4.94,1,4.94,2
COW1565,7.33,1,7.33,1
COW1566,11.26,2,5.63,1
COW1567,4.39,1,4.39,2
COW1568,7.640000000000001,2,3.8200000000000003,2
COW1569,4.21,1,4.21,2
COW1571,31.47,5,6.294,0
COW1572,20.27,4,5.0675,3
COW1573,27.3,4,6.825,3
COW1574,22.71,5,4.542,3
COW1575,20.34,4,5.085,3
COW1576,15.78,2,7.89,1
COW1577,1.36,1,1.36,2
COW1578,27.36,5,5.4719999999999995,0
COW1580,37.53,6,6.255,0
COW1581,5.71,1,5.71,1
COW1582,27.57,4,6.8925,0
COW1583,9.370000000000001,2,4.6850000000000005,2
COW1584,4.7,1,4.7,2
COW1585,18.33,3,6.109999999999999,3
COW1586,46.29,6,7.715,0
COW1587,18.75,3,6.25,3
COW1588,18.4,3,6.133333333333333,3
COW1589,14.559999999999999,2,7.279999999999999,1
COW1590,16.71,3,5.57,3
COW1591,14.01,2,7.005,1
COW1592,7.34,2,3.67,2
COW1593,9.12,2,4.56,2
COW1595,24.37,5,4.8740000000000006,0
COW1596,21.490000000000002,4,5.3725000000000005,3
COW1597,27.81,5,5.561999999999999,0
COW1598,22.78,4,5.695,3
COW1599,13.450000000000001,3,4.483333333333333,3
COW1600,10.8,2,5.4,1
COW1601,7.63,2,3.815,2
COW1602,5.01,1,5.01,2
COW1603,11.530000000000001,2,5.765000000000001,1
COW1604,24.42,5,4.884,0
COW1605,13.57,2,6.785,1
COW1606,16.2,3,5.3999999999999995,3
COW1607,2.04,1,2.04,2
COW1608,17.34,5,3.468,3
COW1609,2.01,1,2.01,2
COW1610,14.899999999999999,2,7.449999999999999,1
COW1611,8.25,1,8.25,1
COW1612,5.56,1,5.56,2
COW1614,6.61,1,6.61,1
COW1615,1.16,1,1.16,2
COW1616,2.85,1,2.85,2
COW1618,13.37,3,4.456666666666666,3
COW1620,10.99,2,5.495,1
COW1621,3.79,2,1.895,2
COW1622,14.809999999999999,2,7.404999999999999,1
COW1623,19.28,3,6.426666666666667,3
COW1625,15.51,2,7.755,1
COW1626,40.08,5,8.016,0
COW1627,8.81,1,8.81,1
COW1628,16.47,4,4.1175,3
COW1629,8.12,3,2.7066666666666666,2
COW1630,8.71,2,4.355,2
COW1631,18.4,3,6.133333333333333,3
COW1632,17.34,4,4.335,3
COW1633,10.0,2,5.0,2
COW1634,20.0,5,4.0,3
COW1635,5.93,1,5.93,1
COW1636,9.64,4,2.41,2
COW1637,23.85,5,4.7700000000000005,0
COW1638,7.2,1,7.2,1
COW1639,12.51,2,6.255,1
COW1640,13.120000000000001,4,3.2800000000000002,3
COW1641,11.84,3,3.9466666666666668,2
COW1642,6.03,1,6.03,1
COW1643,20.6,3,6.866666666666667,3
COW1644,17.88,3,5.96,3
COW1645,16.36,2,8.18,1
COW1646,22.86,4,5.715,3
COW1647,44.629999999999995,6,7.438333333333333,0
COW1648,1.48,1,1.48,2
COW1649,21.15,4,5.2875,3
COW1650,19.33,3,6.4433333333333325,3
COW1652,14.809999999999999,3,4.9366666666666665,3
COW1653,10.33,2,5.165,2
COW1654,20.91,3,6.97,3
COW1655,10.57,3,3.5233333333333334,2
COW1656,8.8,2,4.4,2
COW1657,18.46,3,6.153333333333333,3
COW1658,6.34,1,6.34,1
COW1659,1.75,1,1.75,2
COW1660,5.65,1,5.65,1
COW1661,24.35,4,6.0875,3
COW1662,29.04,5,5.808,0
COW1663,2.45,1,2.45,2
COW1664,13.04,3,4.346666666666667,3
COW1665,16.68,3,5.56,3
COW1666,12.13,3,4.043333333333334,2
COW1667,13.6,3,4.533333333333333,3
COW1668,16.17,2,8.085,1
COW1669,26.8,4,6.7,3
COW1670,15.73,2,7.865,1
COW1672,31.89,8,3.98625,0
COW1673,4.61,1,4.61,2
COW1674,12.42,2,6.21,1
COW1675,15.93,2,7.965,1
COW1676,5.59,1,5.59,1
COW1677,14.280000000000001,3,4.760000000000001,3
COW1678,28.97,4,7.2425,0
COW1679,26.990000000000002,6,4.498333333333334,0
COW1680,24.77,4,6.1925,3
COW1681,19.95,3,6.6499999999999995,3
COW1682,26.57,5,5.314,0
COW1683,50.23,9,5.5811111111111105,0
COW1684,31.34,5,6.268,0
COW1685,8.89,1,8.89,1
COW1686,18.560000000000002,2,9.280000000000001,1
COW1687,17.66,3,5.886666666666667,3
COW1688,63.73,8,7.96625,0
COW1689,28.92,4,7.23,0
COW1690,38.6,6,6.433333333333334,0
COW1691,8.44,2,4.22,2
COW1692,2.28,1,2.28,2
COW1693,28.950000000000003,4,7.237500000000001,0
COW1694,42.96,8,5.37,0
COW1696,19.1,3,6.366666666666667,3
COW1697,21.700000000000003,4,5.425000000000001,3
COW1699,19.04,4,4.76,3
COW1700,43.99,7,6.284285714285715,0
COW1701,11.05,2,5.525,1
COW1702,18.05,3,6.016666666666667,3
COW1703,3.55,1,3.55,2
COW1705,19.68,5,3.936,3
COW1706,17.41,2,8.705,1
COW1707,8.02,2,4.01,2
COW1708,9.29,2,4.645,2
COW1709,47.39,6,7.898333333333333,0
COW1710,10.98,2,5.49,1
COW1711,9.9,3,3.3000000000000003,2
COW1712,6.49,2,3.245,2
COW1713,15.219999999999999,5,3.0439999999999996,3
COW1714,6.41,2,3.205,2
COW1715,14.479999999999999,4,3.6199999999999997,3
COW1716,14.04,4,3.51,3
COW1717,25.740000000000002,4,6.4350000000000005,3
COW1719,6.96,1,6.96,1
COW1720,26.3,3,8.766666666666667,3
COW1722,5.84,1,5.84,1
COW1723,3.07,1,3.07,2
COW1724,7.05,1,7.05,1
COW1725,26.68,4,6.67,3
COW1726,13.14,2,6.57,1
COW1727,2.07,1,2.07,2
COW1728,23.16,5,4.632,3
COW1729,8.23,1,8.23,1
COW1730,7.87,1,7.87,1
COW1731,7.67,2,3.835,2
COW1732,21.71,4,5.4275,3
COW1734,18.79,3,6.263333333333333,3
COW1735,11.42,2,5.71,1
COW1736,9.08,1,9.08,1
COW1737,7.41,1,7.41,1
COW1738,9.98,1,9.98,1
COW1741,6.85,1,6.85,1
COW1742,10.059999999999999,2,5.029999999999999,2
COW1743,9.55,1,9.55,1
COW1744,3.26,1,3.26,2
COW1746,4.11,1,4.11,2
COW1747,9.5,1,9.5,1
COW1748,4.7,1,4.7,2
COW1749,22.77,3,7.59,3
COW1750,19.65,3,6.55,3
COW1751,31.44,5,6.288,0
COW1752,14.71,3,4.903333333333333,3
COW1753,2.39,1,2.39,2
COW1754,19.060000000000002,2,9.530000000000001,1
COW1755,13.200000000000001,3,4.4,3
COW1756,4.33,1,4.33,2
COW1757,8.34,2,4.17,2
COW1758,23.099999999999998,5,4.619999999999999,3
COW1759,19.169999999999998,3,6.39,3
COW1760,33.25,5,6.65,0
COW1761,19.99,3,6.663333333333333,3
COW1762,2.82,1,2.82,2
COW1763,12.99,5,2.598,3
COW1764,24.92,3,8.306666666666667,3
COW1765,24.400000000000002,4,6.1000000000000005,3
COW1766,6.66,1,6.66,1
COW1767,14.610000000000001,2,7.305000000000001,1
COW1768,4.39,1,4.39,2
COW1769,17.02,4,4.255,3
COW1770,6.56,1,6.56,1
COW1771,15.75,2,7.875,1
COW1772,12.370000000000001,2,6.1850000000000005,1
COW1773,23.57,4,5.8925,3
COW1774,3.06,1,3.06,2
COW1775,10.73,4,2.6825,2
COW1776,5.8,2,2.9,2
COW1777,9.34,2,4.67,2
COW1778,6.55,1,6.55,1
COW1779,11.12,2,5.56,1
COW1781,21.11,3,7.036666666666666,3
COW1782,17.189999999999998,4,4.297499999999999,3
COW1783,11.8,2,5.9,1
COW1784,10.4,3,3.466666666666667,2
COW1785,6.41,1,6.41,1
COW1786,11.82,3,3.94,2
COW1788,26.17,4,6.5425,3
COW1791,5.74,2,2.87,2
COW1792,20.99,3,6.996666666666666,3
COW1793,24.32,4,6.08,3
COW1794,7.66,1,7.66,1
COW1795,10.79,3,3.5966666666666662,2
COW1796,31.5,5,6.3,0
COW1797,18.19,2,9.095,1
COW1798,22.330000000000002,4,5.5825000000000005,3
COW1799,1.69,1,1.69,2
COW1800,27.32,7,3.902857142857143,0
COW1801,14.0,2,7.0,1
COW1802,6.33,2,3.165,2
COW1803,18.02,5,3.604,3
COW1804,9.39,1,9.39,1
COW1805,22.87,3,7.623333333333334,3
COW1806,10.72,2,5.36,1
COW1807,27.66,5,5.532,0
COW1810,2.67,1,2.67,2
COW1811,23.3,5,4.66,3
COW1812,9.559999999999999,2,4.779999999999999,2
COW1813,17.29,3,5.763333333333333,3
COW1815,2.76,1,2.76,2
COW1816,4.54,1,4.54,2
COW1817,4.49,2,2.245,2
COW1818,15.129999999999999,3,5.043333333333333,3
COW1819,7.18,1,7.18,1
COW1820,29.3,4,7.325,0
COW1821,11.68,3,3.893333333333333,2
COW1822,24.200000000000003,4,6.050000000000001,3
COW1823,2.1,1,2.1,2
COW1824,28.810000000000002,6,4.801666666666667,0
COW1825,8.3,1,8.3,1
COW1826,4.01,2,2.005,2
COW1827,34.269999999999996,6,5.711666666666666,0
COW1828,20.63,4,5.1575,3
COW1829,24.51,4,6.1275,3
COW1830,33.410000000000004,4,8.352500000000001,0
COW1831,20.05,3,6.683333333333334,3
COW1834,7.75,1,7.75,1
COW1835,18.04,3,6.013333333333333,3
COW1836,22.16,3,7.386666666666667,3
COW1837,52.7,7,7.528571428571429,0
COW1838,4.44,1,4.44,2
COW1839,18.2,4,4.55,3
COW1841,23.14,3,7.713333333333334,3
COW1842,12.17,2,6.085,1
COW1843,28.080000000000002,4,7.0200000000000005,0
COW1844,8.16,2,4.08,2
COW1846,33.16,5,6.632,0
COW1847,13.530000000000001,2,6.765000000000001,1
COW1848,19.700000000000003,3,6.566666666666667,3
COW1849,38.56,5,7.712000000000001,0
COW1850,14.14,3,4.713333333333334,3
COW1851,14.95,3,4.983333333333333,3
COW1852,26.23,5,5.246,0
COW1853,32.47,4,8.1175,0
COW1854,12.23,3,4.076666666666667,2
COW1855,17.44,4,4.36,3
COW1856,22.74,4,5.685,3
COW1857,9.72,2,4.86,2
COW1858,9.53,1,9.53,1
COW1859,30.52,4,7.63,0
COW1861,17.84,3,5.946666666666666,3
COW1862,6.4399999999999995,2,3.2199999999999998,2
COW1863,11.620000000000001,2,5.8100000000000005,1
COW1864,38.29,8,4.78625,0
COW1866,14.41,3,4.803333333333334,3
COW1867,14.370000000000001,3,4.79,3
COW1869,15.04,2,7.52,1
COW1870,6.86,1,6.86,1
COW1871,8.61,1,8.61,1
COW1872,14.879999999999999,2,7.4399999999999995,1
COW1873,9.9,3,3.3000000000000003,2
COW1874,12.24,3,4.08,2
COW1876,33.82,6,5.636666666666667,0
COW1877,3.47,2,1.735,2
COW1878,12.940000000000001,2,6.470000000000001,1
COW1879,5.15,1,5.15,2
COW1880,8.16,1,8.16,1
COW1881,11.02,3,3.6733333333333333,2
COW1882,8.24,2,4.12,2
COW1883,15.98,3,5.326666666666667,3
COW1884,7.84,1,7.84,1
COW1885,19.57,3,6.523333333333333,3
COW1886,4.62,1,4.62,2
COW1887,15.129999999999999,2,7.5649999999999995,1
COW1888,8.05,3,2.6833333333333336,2
COW1889,10.49,2,5.245,2
COW1890,15.21,4,3.8025,3
COW1891,21.61,4,5.4025,3
COW1892,2.07,1,2.07,2
COW1893,22.1,3,7.366666666666667,3
COW1894,1.28,1,1.28,2
COW1895,13.02,2,6.51,1
COW1896,29.13,5,5.826,0
COW1897,11.86,2,5.93,1
COW1898,12.77,1,12.77,1
COW1899,2.8,1,2.8,2
COW1900,14.82,3,4.94,3
COW1901,9.889999999999999,4,2.4724999999999997,2
COW1902,15.49,4,3.8725,3
COW1904,12.55,2,6.275,1
COW1905,11.959999999999999,3,3.9866666666666664,2
COW1906,17.62,3,5.873333333333334,3
COW1907,25.439999999999998,4,6.359999999999999,3
COW1909,6.26,2,3.13,2
COW1910,17.29,3,5.763333333333333,3
COW1911,12.89,2,6.445,1
COW1912,27.080000000000002,5,5.416,0
COW1913,6.99,1,6.99,1
COW1914,7.64,1,7.64,1
COW1915,27.12,5,5.424,0
COW1916,19.52,3,6.506666666666667,3
COW1917,6.99,1,6.99,1
COW1918,12.0,2,6.0,1
COW1920,10.870000000000001,3,3.6233333333333335,2
COW1921,13.27,2,6.635,1
COW1922,2.63,1,2.63,2
COW1923,10.44,2,5.22,2
COW1924,18.42,2,9.21,1
COW1925,8.33,2,4.165,2
COW1926,16.22,2,8.11,1
COW1927,19.049999999999997,2,9.524999999999999,1
COW1928,3.62,2,1.81,2
COW1929,11.03,4,2.7575,2
COW1930,13.670000000000002,3,4.5566666666666675,3
COW1931,10.86,2,5.43,1
COW1932,14.83,4,3.7075,3
COW1933,9.7,2,4.85,2
COW1934,12.850000000000001,2,6.425000000000001,1
COW1935,6.1899999999999995,2,3.0949999999999998,2
COW1936,22.95,5,4.59,3
COW1937,14.54,3,4.846666666666667,3
COW1939,17.380000000000003,6,2.896666666666667,3
COW1940,20.5,4,5.125,3
COW1941,18.5,3,6.166666666666667,3
COW1942,2.76,1,2.76,2
COW1943,12.7,2,6.35,1
COW1944,18.8,4,4.7,3
COW1945,29.61,3,9.87,3
COW1946,10.870000000000001,3,3.6233333333333335,2
COW1947,22.22,4,5.555,3
COW1948,9.63,1,9.63,1
COW1949,3.08,1,3.08,2
COW1950,1.61,1,1.61,2
COW1951,27.67,3,9.223333333333334,3
COW1952,16.75,2,8.375,1
COW1953,50.18,8,6.2725,0
COW1954,18.88,3,6.293333333333333,3
COW1956,15.69,3,5.2299999999999995,3
COW1957,15.969999999999999,3,5.323333333333333,3
COW1958,20.0,2,10.0,1
COW1959,18.43,4,4.6075,3
COW1960,20.619999999999997,3,6.873333333333332,3
COW1961,21.42,5,4.284000000000001,3
COW1962,21.28,3,7.093333333333334,3
COW1963,4.83,1,4.83,2
COW1964,16.709999999999997,3,5.569999999999999,3
COW1965,10.9,1,10.9,1
COW1967,19.02,3,6.34,3
COW1968,21.85,3,7.283333333333334,3
COW1969,11.57,3,3.856666666666667,2
COW1970,18.22,4,4.555,3
COW1971,22.65,3,7.55,3
COW1973,8.120000000000001,2,4.0600000000000005,2
COW1974,10.08,2,5.04,2
COW1975,10.72,2,5.36,1
COW1976,8.58,2,4.29,2
COW1977,20.020000000000003,5,4.0040000000000004,3
COW1978,7.44,1,7.44,1
COW1979,23.72,4,5.93,3
COW1980,16.5,4,4.125,3
COW1981,8.09,1,8.09,1
COW1982,34.45,6,5.741666666666667,0
COW1983,24.11,3,8.036666666666667,3
COW1985,8.31,1,8.31,1
COW1986,33.63,6,5.605,0
COW1987,25.91,4,6.4775,3
COW1988,7.79,1,7.79,1
COW1989,9.34,1,9.34,1
COW1990,22.14,4,5.535,3
COW1991,5.07,1,5.07,2
COW1992,20.65,3,6.883333333333333,3
COW1993,2.83,1,2.83,2
COW1994,18.740000000000002,3,6.246666666666667,3
COW1995,22.66,4,5.665,3
COW1997,31.150000000000002,5,6.23,0
COW1998,22.95,4,5.7375,3
COW1999,8.43,3,2.81,2
COW2000,25.33,3,8.443333333333333,3
